INSERT INTO usuario VALUES ('0', 'admin', '21232f297a57a5a743894a0e4a801fc3', 'admin@admin.admin', 'admin');


/* Insertamos los autores */
INSERT INTO autor (codautor, nombre, apellidos, apodo, fechaNacimiento , biografia, premios, foto) VALUES
('1', 'Juan Carlos', 'Aragón', 'El Cabeza', '1967-05-26' , 'Estudió la licenciatura en Filosofía en la Universidad de Cádiz y actualmente imparte clases en un instituto de Barbate. Es uno de los autores más importantes del Carnaval de Cádiz, en su panorama actual.
Aunque comenzó su andadura en el carnaval cuando era muy joven, con agrupaciones juveniles, se recuerda sobre todo su curriculum desde el año 1994 con Un Peasso Coro, agrupación que quedó a tan sólo nueve puntos de la final. En 1996 llega por primera vez a la final con la chirigota Los guiris consiguiendo un cuarto premio en su modalidad. No será hasta 1999 donde Juan Carlos consiga el primer premio con la chirigota Los Yesterdays, además logrando con el pasodoble Aunque diga Blas Infante el primer premio en el II Certamen Coplas para Andalucía. a partir de 2001, Juan Carlos Aragon comenzó a escribir comparsas, iniciándose con el antiguo grupo de Antonio Martínez Ares, dirigido por Ángel Subiela. En este año obtiene un segundo premio con su comparsa Los Condenaos, la cual quedó a tan sólo 1 punto de resultar ganadora. En 2002, sacó su última chirigota (VOTA P.I.CH.A), para dedicarse exclusivamente a la comparsa, consiguiendo un primer premio con Los Ángeles Caídos. En 2003 obtiene un cuarto premio con su comparsa Los Americanos, última agrupación que compuso para el grupo dirigido por Ángel Subiela. En 2004 vuelve con parte de su grupo de chirigota, pero sacando la comparsa 1800 Los Inmortales. Con la misma base saca en 2005 El Golfo de Cádiz y en 2006 Los Parias. En el 2007 su comparsa Araka la Kana, con un nuevo cambio drástico en su grupo, obtuvo el primer premio de la modalidad en el COAC con una apuesta muy aplaudida por el público en general. Aparte de sus agrupaciones, colabora como autor de música en otra chirigota, la conocida como chirigota del Petra. En el año 2008 saca la comparsa del capitan Veneno, consigiendo el tercer puesto en el concurso del COAC. También este año vuelve a actuar con el grupo en las tablas del Falla, tras unos cuantos años sin actuar.
También ha colaborado en la modalidad de coros en varias ocasiones. Compuso parte de la música del coro El pozo de la Jara en 2005 y colaboró en la letra del coro El Congreso en 1995.
Algunas de sus coplas, han traspasado las fronteras de Cádiz e incluso de Andalucía, gracias a cantantes como Alejandro Sanz que las incluyeron dentro de su repertorio.',
'4 primeros premios, 2 segundos y 2 terceros', '../imagenes/autores/1.jpg');

INSERT INTO autor (codautor, nombre, apellidos, apodo, fechaNacimiento , biografia, premios, foto) VALUES
('2' ,'Antonio', 'Martín García', 'El niño de San Vicente', '1950-01-01' , 'Antonio Martín pasa por ser uno de los autores más representativos del carnaval gaditano. Ha conseguido un total de 16 primeros premios en comparsa en el concurso oficial de agrupaciones del Gran Teatro Falla. Además ha pregonado diversos carnavales, entre ellos el Carnaval de Cádiz de 1997. Antonio, jovencísimo, no sólo destacó en el recién nacido mundo de la comparsa, sino que llevó a gala el tanguillo que tanto defendía en sus letras. Fue con ello coautor junto a Antonio Burgos de su coro de La Viña dónde también consiguió diversos premios, con coros como La Plastilina o Batmonos que nos vamos.
En sus composiciones se destaca un fuerte aroma de Cádiz, con músicas y letras que aún hoy nos llevan al pasado de unas costumbres de una niñez ya marchita. Las calles del barrio de La Viña, la plaza de la Cruz Verde y otros lugares históricos de Cádiz permanecen latentes en sus letras; así como la costumbre, ya cada vez menos vista, de la quema del juanillo en aquellos campos vecinales o la liberación del preso.
Antonio siempre mostró una gran aflicción sobre la muerte de su madre en sus letras. En la comparsa Agua Clara reflejó una de ellas.
Si la novia artística de Pedro Romero fue Lola; de Antonio Martín lo fue Rosarillo y Carmela, referentes a la patrona, la Virgen del Rosario, y a la Virgen del Carmen.
Aunque muchos se ensañaran en una animadversión entre Antonio y Paco Alba, Antonio demostró una y otra vez, el respeto que sentía por aquel genio conileño.
Aunque Paco Alba fuese su gran rival en los comienzos, también hay que resaltar que tuvo rivales de la talla de Enrique Villegas, Pedro Romero, Diego Caraballo o Martínez Ares; aunque fue con el último que con el que mantuvo diversas disputas sobre las tablas.1​ El año de los Trotamúsicos, Antonio Martínez Ares llevó al falla Dorremifasoleando, dos comparsas con tipos muy similares, lo que ocasionó comparaciones.
Ha sido protagonista de las últimas tres décadas de Carnaval (70,80 y 90) con grupos merecedores de trece primeros premios. Antifaz de Oro en 1981 y Pregonero en 1997. Ha sido el único autor en toda la historia del Carnaval que en un mismo año ha conseguido los tres primeros premios en las tres modalidades: coro, comparsa y chirigota. Fue en 1990 con Bátmonos que Nos Vamos, La Mar de Coplas y Hasta que la Muerte Nos Separe.
En 1997 es nombrado pregonero del carnaval de Cádiz,​ realizando uno de los pregones más recordados de la historia, además ese mismo año obtiene el 1º premio en comparsas con Buscavidas. En 1998 saca la comparsa Patio Vecino obteniendo el tercer premio. En 1999 decide tomarse unos años de descanso para volver con más fuerza que nunca en 2005 con El Revuelo, los Viejos Copleros Nunca Mueren quedándose en semifinales. En 2009 tras 41 años en el carnaval, vuelve a alzarse con el 1º premio en comparsas con La Mare que me Parió.​ En 2011 trae al concurso Las Locuras de Martín Burton,4​5​ pasando a la final donde obtuvo un tercer premio.
En 2013 vuelve a vencer en las tablas del Gran Teatro Falla gracias a su agrupación La Comparsa del Genio, consolidándose como el más laureado de los comparsistas a lo largo de toda la historia. En 2014 sigue como director Ángel Subiela para defender el primer premio conseguido el año anterior, Don Antonio Martín presenta a los hippytanos que tiene un gran calado en la afición y consigue un segundo premio. En 2015 decide descansar y es en 2016 cuando saca la Comparsa Los Invencibles con un grupo totalmente renovado sin el Pájaro, Ángel Subiela o el Carli. La comparsa tiene una gran aceptación en preliminares pero a lo largo del concurso se va desinflando quedándose en semifinales. En 2017 vuelve a cambiar totalmente de grupo, ahora su grupo está formado por una parte por comparsistas con una gran trayectoria a sus espaldas como el caracol y, por otro lado, por gente joven. Será su comparsa número 50 y con la que se despida del Gran Teatro Falla, siendo semifinalista aunque actuaron en forma de homenaje en la gran final.
Tras Paco Alba es máximo exponente de la comparsa en el Carnaval de Cádiz, por su calidad musical y letrística, lo cual demuestran sus 15 primeros premios y sus 37 finales.7',
'16 primeros premios, 8 segundos y 12 terceros', '../imagenes/autores/2.jpg');

INSERT INTO autor (codautor, nombre, apellidos, apodo, fechaNacimiento , biografia, premios, foto) VALUES
('3' ,'José Luis', 'García Cossio', 'El Selu','1962-06-00' , 'Lleva desde 1998 trabajando como guionista con Los Morancos y ha realizado guiones para diversas productoras de televisión y reconocidos artistas, aunque actualmente se dedica únicamente al mundo del carnaval. Ha sido colaborador de radio en el programa El pelotazo en Canal Sur Radio. Aunque la mayor fuente de trabajo y de ingresos es su chirigota de la que el propio artista nunca creía que iba a vivir de ser chirigotero ya que trabaja durante el año por toda España haciendo tres y cuatro actuaciones a la semana.
José Luis García debutó en el carnaval en 1972 con 17 años. Dos años más tarde le llama Enrique Villegas con el que está más de 10 años, hasta que lo deja un verano y se va, en 1986, con Las momias de Güete. Después se va con la agrupación de Pedro Romero, sale con otras dos agrupaciones y a partir de ahí, en el año 1988, es cuando tiene la tentación de dejar el carnaval por amor. Se echa novia y siempre había dicho que cuando tuviera novia no podría llevar las dos cosas. Pero finalmente no se retira. Saca dos chirigotas con las que consigue un gran éxito y decide meter a sus amigos en la chirigota hasta juntar 18 miembros. Amigos junto a los que lleva más de veinte años.
En 1989 monta la chirigota Los sanmolontropos con una música y una letra muy extraña que llama la atención hasta el punto que entran en la Final, de manera inesperada, sorprendiendo a propios y extraños. Siguiendo con esa línea de locura y surrealismo, al año siguiente saca la chirigota Carnaval 2036 Piconeros Galácticos. Se pregunta si pueden salir los 18 amigos en el Falla y decide hacer dos chirigotas. Le supuso un grandísimo esfuerzo y crea Ballet zum zum malacatum y El que la lleva la entiende (Los borrachos), en las que lleva la misma línea de surrealismo, pero pide por favor que fuera una chirigota interpretada porque le gusta mucho hacerse el borracho.
Así, con la agrupación El que la lleva la entiende, conocida popularmente como Los borrachos en el año 1992 crea una chirigota atípica, dentro de un clasicismo mayor cercano al surrealismo, y esa fue la primera vez que realiza este modelo de chirigota que luego ha seguido haciendo, tratando de suscribir todo al personaje y con la que consigue ganar por primera vez el primer premio en el Concurso oficial de agrupaciones del carnaval. La base de sus guiones es nunca decir lo que piensa, sino lo que piensa el personaje, bien sea un rico, un enterao o un lacio, o todos los personajes que ha incluido en las chirigotas.
A partir de aquí hay una escisión y decide escribir y basar las chirigotas en la interpretación, pasando a lo que más le gusta a Selu que es suscribir todo el repertorio al personaje y basarse en la interpretación a la hora de llevar a escena la chirigota.
El mayor éxito cosechado es precisamente en 1992, con Los borrachos. Según una encuesta publicada en Cádiz, esta es la mejor chirigota de la historia de los Carnavales de Cádiz, incluso por encima de Los Cruzados Mágicos y todo[cita requerida].
Al año siguiente Selu se enfrenta a todo un reto para superar a la de Los borrachos. para ello, participa en el concurso de agrupaciones con la chirigota Con el sudor del de enfrente, conocida popularmente como Los ricos, ya que con ello intenta sacar, dos años seguidos, cosas totalmente opuestas. Y para superar el reto consigue de nuevo un primer premio.
En 1994 saca Los titis de Cádiz, con la que se llevaron un segundo premio. Al año siguiente con Los lacios vuelve a alcanzar el primer premio, fue una de las chirigotas más complicadas porque “ el lacio” es un personaje muy subjetivo, de hecho cada miembro de la chirigota lo interpreta de una forma.
Después llegan Las marujas y algunos años después, otra chirigota con la que pega muy fuerte, Lo que diga mi mujer con la que por cuarta vez, alcanza el primer premio, en 2004. En 2006, con la chirigota Los que cosen pa la calle, trata de sacar el arte del “mariquita” gaditano y reivindicar los derechos del mundo gay. En la edición del año 2009, el Selu crea Los enteraos, de la que el propio artista piensa que es la mejor chirigota de toda su trayectoria en el Carnaval, obteniendo el tercer premio,premio que fue muy discutido en el mundo del Carnaval y del pueblo de Cádiz. En el año 2010 saca Los que no se enteran, todo lo contrario del año anterior, ganó el tercer premio, ese año también fue el pregonero del carnaval. En el año 2011 sacó Número uno en ventas(y gasolineras) con lo que se queda a las puertas de la final. En 2012 saca Viva la Pepi, llegando a obtener el segundo premio. En el año 2013 saca Las Verdades del Banquero, consiguiendo otro segundo premio. En el año 2014 saca la chirigota Pepe Trola, quedándose en semifinales. En 2015 sacó la agrupación de Ahora es cuando se está bien aquí, llegando a ganar el tercer premio, premio que también fue muy discutido. En 2016, tras llevar 12 años sin alcanzar el primer premio, triunfa nuevamente con su chirigota Si me pongo pesao me lo dices, considerada una de las mejores de su repertorio. En 2017, después del primer premio conseguido en 2016 presenta la chirigota mi suegra como ya dije ganando un meritorio cuarto puesto en la modalidad de chirigotas.
', '5 primeros premios, 5 segundos y 6 terceros', '../imagenes/autores/3.jpg');

INSERT INTO autor (codautor, nombre, apellidos, apodo, fechaNacimiento , biografia, premios, foto) VALUES
('4' ,'Antonio', 'Martínez Ares', 'El Niño', '1967-02-08' , 'Ha marcado un antes y un después en la historia del Carnaval gaditano, siendo considerado uno de los autores más importantes desde Paco Alba. De sus 20 comparsas, han sido ganadoras 6 de ellas y otras 11 se clasificaron para la final. Sorprendentes resultados de una música inscrita en una temática continuamente renovada al paso de los años dedicados al carnaval, con una impecable inspiración en Cádiz; mezclando la nostalgia con la actualidad.
En el año 2004 Martínez Ares apuesta por su voz e inicia su carrera como solista en la canción de autor con su primer disco titulado Por Martínez Ares. Escribe para cambiar las injusticias del mundo, sus letras dejan corazones al descubierto.
En este mismo año compone la banda sonora de la película Cosas que hacen que la vida valga la pena. La canción, del mismo título que la película, está interpretada por Pasión Vega, cantante para la que ya había compuesto varios temas en dos de sus discos (Pasión Vega en 2001 y Banderas de nadie en 2003), siendo en esa época su compositor principal. Además ha compuesto algunas canciones para otros artistas españoles como Pastora Soler o Raphael.
El 13 de noviembre de 2007 se hace pública la elección de Martínez Ares como pregonero del carnaval gaditano en 2008, sucediendo a Pasión Vega, pregonera en la edición de 2007.
El 2 de febrero de 2008 tiene lugar dicho pregón. Antonio, tal como hizo con su comparsa, sorprendió a todos con un pregón diferente. No se limitó sólo al escenario habitual de la Plaza San Antonio: durante el día se sucedieron varios pasacalles por el centro de Cádiz hasta llegar al lugar del pregón, comenzando en ese momento una pequeña obra de teatro de piratas, en la que se intercalaron varias de las canciones y coplas que hicieron famoso al pregonero. En una noche para el recuerdo, en la que millares de personas presenciaron un espectáculo como Cádiz se merece. Según sus propias palabras, con este pregón muere el Martínez Ares coplero, ya que no es su intención volver al mundo del carnaval.
El 4 de noviembre de 2008 estrena en el Gran Teatro Falla de Cádiz, su obra de teatro La gran final, donde se narra como se vive desde dentro la final del COAC.​ Recibe numerosas letras en el COAC, la mayoría de ellas en contra, ya que en La gran final, es también una crítica a los autores de carnaval de una forma sarcástica, aunque ellos no lo vieron así.
El 15 de enero de 2010 comienza su andadura como comentarista de Onda Cádiz Televisión para la fase de preliminares del Concurso oficial de agrupaciones del carnaval de Cádiz. Además de comentar la fase de preliminares durante los años 2010 y 2011, presenta en Onda Cádiz Televisión un programa llamado De la C a la Z.
El jueves 2 de diciembre de 2010 se presentó en el Centro Municipal de Arte Flamenco La Merced, de Cádiz, Entre lo divino y lo humano, la biografía oficial del autor, escrita por el periodista José Manuel Caballero.
En 2013 edita su segundo disco en solitario en la canción de autor: Yo y mi CIRCUS tancia grabado en directo en la sala Pay-Pay de Cádiz en octubre de 2012.
En 2015 anuncia su vuelta al Gran Concurso de Coplas del Carnaval de Cádiz, a través de las redes sociales. Es tal, la repercusión que tiene este autor que consiguió que fuera #TT nacional.',
'6 primeros premios, 5 segundos y 3 terceros', '../imagenes/autores/4.jpg');

INSERT INTO autor (codautor, nombre, apellidos, apodo, fechaNacimiento , biografia, premios, foto) VALUES
('5' ,'Antonio Pedro', 'Serrano Álvarez','El Canijo de Carmona','1967-01-01' ,'Nacido en el barrio del Parque Alcosa es ingeniero de Informática por la universidad de Sevilla y funcionario de la Junta de Andalucía, en excedencia, trabajando en la empresa privada.
Lo de «Canijo de Carmona» no le viene porque naciera en esa localidad sevillana, sino porque salió varios años en una chirigota en el carnaval de allí.
Es uno de los referentes e impulsores del carnaval sevillano, habiendo participado con agrupaciones hispalenses en el «Concurso de Agrupaciones Carnavalescas» del Gran Teatro Falla de Cádiz.
Después quedó difinitivamente ligado a Cádiz donde reside, escribiendo letras para chirigotas y comparsas de su provincia y formando una chirigota gaditana con la que ha sido ganador de varios premios en el concurso, entre ellos tres primeros premios con: «Los que salimos por gusto», «Los Juan Palomez, yo te lo guiso, tú me lo comes» y «Ricas y maduras».
Colabora en el programa de radio de Canal Sur «El Pelotazo».',
'3 primeros premios', '../imagenes/autores/5.jpg');

INSERT INTO autor (codautor, nombre, apellidos, apodo, fechaNacimiento , biografia, premios, foto) VALUES
('6' ,'Constantino', 'Tovar Verdejo', 'Tino' , '1978-01-01' ,'El autor gaditano Constantino Tovar Verdejo, conocido en el mundo del Carnaval de Cádiz como Tino Tovar, ha decidido continuar participando en el Carnaval y como es habitual participará en el Concurso Oficial de Agrupaciones Carnavalescas 2010 (COAC 2010).
El nombre elegido para su comparsa 2010, la cual será interpretada por un renovado grupo se llama Volver a empezar.
Las bajas respecto al grupo que participó en las tablas del Gran Teatro Falla con la comparsa Voces son: Ángel Subiela Gómez, Carlos Brihuega Delgado Carli, Mariano Varela, José Luis Martín, Juan Gamaza y Tomas García Tomy, entran a formar parte de la comparsa de los hermanos carapapas que participará en el COAC 2010 con la comparsa El G - 15. Francisco Javier Martínez El Pellejo cantará en la comparsa Las noches de bohemia de Juan Carlos Aragón para el próximo COAC 2010.
Las nuevas incorporaciones a la comparsa de Tino Tovar son: Francisco Joaquín Fernández Sito (director), Francisco Javier Oliva Peluki, José Joaquín Carrascosa, Jesús Antonio Aranda Fito, Miguel Ángel Gómez, Francisco Javier Marín, Eugenio Marín, José Otero y José Muñoz.
Las mejores comparsas de Tino poseen el sello de lo auténtico, una sencillez de asombrosa sutilidad que quedó claramente reflejada en su última apuesta titulada Volver a empezar.',
'10 primeros premios, 7 segundos y 7 terceros', '../imagenes/autores/6.jpg');

/* Insertamos las agrupaciones */
/* Juan Carlos */
INSERT INTO agrupacion (codAgrupacion, nombre, tipo, musica, director, clasificacion, localidad, foto) VALUES
('1', 'La Serenissima', 'Comparsa', 'Juan Carlos Aragón Becerra', 'Vicente Lázaro García', 'Segundo premio', 'Cádiz', '../imagenes/grupo/1.jpg');

INSERT INTO agrupacion (codAgrupacion, nombre, tipo, musica, director, clasificacion, localidad, foto) VALUES
('2', 'Los Ladrones', 'Comparsa', 'Juan Carlos Aragón Becerra', 'Francisco Javier Bohórquez Gutiérrez', 'No participó en el COAC', 'Cádiz', '../imagenes/grupo/2.jpg');

INSERT INTO agrupacion (codAgrupacion, nombre, tipo, musica, director, clasificacion, localidad, foto) VALUES
('3', 'Las noches de Bohemia', 'Comparsa', 'Juan Carlos Aragón Becerra', 'Juan Fernández Domínguez', 'Primer accésit', 'Cádiz', '../imagenes/grupo/3.jpg');

INSERT INTO agrupacion (codAgrupacion, nombre, tipo, musica, director, clasificacion, localidad, foto) VALUES
('4', 'Araka la kana', 'Comparsa', 'Juan Carlos Aragón Becerra', 'Rubén Berea Ruiz', 'Primer premio', 'Cádiz', '../imagenes/grupo/4.jpg');

INSERT INTO agrupacion (codAgrupacion, nombre, tipo, musica, director, clasificacion, localidad, foto) VALUES
('5', 'Los americanos', 'Chirigota', 'Juan Carlos Aragón Becerra', 'Ángel Zubiela Gómez', 'Primer accésit', 'Cádiz', '../imagenes/grupo/5.jpg');

/* Antonio Martin */
INSERT INTO agrupacion (codAgrupacion, nombre, tipo, musica, director, clasificacion, localidad, foto) VALUES
('6', 'Ley de vida', 'Comparsa', 'Antonio Matín Garcia', 'Pedro Ramos de la Flor', 'Semifinalista', 'Cádiz', '../imagenes/grupo/6.jpg');

INSERT INTO agrupacion (codAgrupacion, nombre, tipo, musica, director, clasificacion, localidad, foto) VALUES
('7', 'Los hippytanos', 'Comparsa', 'Antonio Matín Garcia', 'Ángel Subiela Gómez', 'Segundo premio', 'Cádiz', '../imagenes/grupo/7.jpg');

INSERT INTO agrupacion (codAgrupacion, nombre, tipo, musica, director, clasificacion, localidad, foto) VALUES
('8', 'Se acabó el cuento', 'Comparsa','Antonio Matín Garcia', 'José Antonio Valdivia Bosch', 'Primer accésit', 'Cádiz', '../imagenes/grupo/8.jpg');

INSERT INTO agrupacion (codAgrupacion, nombre, tipo, musica, director, clasificacion, localidad, foto) VALUES
('9', 'La comparsa del genio', 'Comparsa', 'Antonio Matín Garcia', 'Ángel Subiela Gómez', 'Primer premio', 'Cádiz', '../imagenes/grupo/9.jpg');

INSERT INTO agrupacion (codAgrupacion, nombre, tipo, musica, director, clasificacion, localidad, foto) VALUES
('10', 'Entre rejas', 'Comparsa', 'Antonio Matín Garcia', 'Antonio Martín García', 'Primer premio', 'Cádiz', '../imagenes/grupo/10.jpg');

/* Selu */
INSERT INTO agrupacion (codAgrupacion, nombre, tipo, musica, director, clasificacion, localidad, foto) VALUES
('11', 'Si me pongo pesao me lo dices', 'Chirigota', 'José Luis García Cossío', 'José Luis García Cossío', 'Primer premio', 'Cádiz', '../imagenes/grupo/11.jpg');

INSERT INTO agrupacion (codAgrupacion, nombre, tipo, musica, director, clasificacion, localidad, foto) VALUES
('12', 'Tó pa ella', 'Chirigota', 'José Luis García Cossío', 'José Luis García Cossío', 'Semifinalista', 'Cádiz', '../imagenes/grupo/12.jpg');

INSERT INTO agrupacion (codAgrupacion, nombre, tipo, musica, director, clasificacion, localidad, foto) VALUES
('13', 'Soltero y sin ComproPiso', 'Chirigota', 'José Luis García Cossío', 'José Luis García Cossío', 'Segundo premio', 'Cádiz', '../imagenes/grupo/13.jpg');

INSERT INTO agrupacion (codAgrupacion, nombre, tipo, musica, director, clasificacion, localidad, foto) VALUES
('14', 'El que vale, vale', 'Chirigota', 'José Luis García Cossío', 'José Luis García Cossío', 'Tercer premio', 'Cádiz', '../imagenes/grupo/14.jpg');

INSERT INTO agrupacion (codAgrupacion, nombre, tipo, musica, director, clasificacion, localidad, foto) VALUES
('15', 'Las marujas', 'Chirigota', 'José Luis García Cossío', 'José Luis García Cossío', 'Tercer premio', 'Cádiz', '../imagenes/grupo/15.jpg');

/* Ares */
INSERT INTO agrupacion (codAgrupacion, nombre, tipo, musica, director, clasificacion, localidad, foto) VALUES
('16', 'La Eternidad', 'Comparsa', 'Antonio Martínez Ares', 'Antonio Martínez Ares', 'Segundo premio', 'Cádiz', '../imagenes/grupo/16.jpg');

INSERT INTO agrupacion (codAgrupacion, nombre, tipo, musica, director, clasificacion, localidad, foto) VALUES
('17', 'Los Cobardes', 'Comparsa', 'Antonio Martínez Ares', 'Antonio Martínez Ares', 'Primer premio', 'Cádiz', '../imagenes/grupo/17.jpg');

INSERT INTO agrupacion (codAgrupacion, nombre, tipo, musica, director, clasificacion, localidad, foto) VALUES
('18', 'La Revolución', 'Comparsa', 'Antonio Martínez Ares', 'Antonio Martínez Ares', 'Segundo premio', 'Cádiz', '../imagenes/grupo/18.jpg');

INSERT INTO agrupacion (codAgrupacion, nombre, tipo, musica, director, clasificacion, localidad, foto) VALUES
('19', 'El Brujo', 'Comparsa', 'Antonio Martínez Ares', 'Antonio Martínez Ares', 'Segundo premio', 'Cádiz', '../imagenes/grupo/19.jpg');

INSERT INTO agrupacion (codAgrupacion, nombre, tipo, musica, director, clasificacion, localidad, foto) VALUES
('20', 'Calabazas', 'Comparsa', 'Antonio Martínez Ares', 'Antonio Martínez Ares', 'Segundo premio', 'Cádiz', '../imagenes/grupo/20.jpg');

/* Canijo */
INSERT INTO agrupacion (codAgrupacion, nombre, tipo, musica, director, clasificacion, localidad, foto) VALUES
('21', 'No valemo un duro', 'Chirigota', 'José María Barranco Cabrera', 'Antonio Rodríguez Rodríguez', 'Semifinalista', 'Cádiz', '../imagenes/grupo/21.jpg');

INSERT INTO agrupacion (codAgrupacion, nombre, tipo, musica, director, clasificacion, localidad, foto) VALUES
('22', 'Las divinas de la muerte', 'Chirigota', 'José María Barranco Cabrera', 'Antonio Pedro Serrano Álvarez', 'Semifinalista', 'Cádiz', '../imagenes/grupo/22.jpg');

INSERT INTO agrupacion (codAgrupacion, nombre, tipo, musica, director, clasificacion, localidad, foto) VALUES
('23', 'Contigo aprendí', 'Chirigota', 'Constantino Tovar Verdejo', 'Rubén Navarro Márquez', 'Semifinalista', 'Cádiz', '../imagenes/grupo/23.jpg');

INSERT INTO agrupacion (codAgrupacion, nombre, tipo, musica, director, clasificacion, localidad, foto) VALUES
('24', 'Mejó no salgo', 'Chirigota', 'Constantino Tovar Verdejo', 'Rubén Navarro Domínguez', 'Primer premio', 'Cádiz', '../imagenes/grupo/24.jpg');

INSERT INTO agrupacion (codAgrupacion, nombre, tipo, musica, director, clasificacion, localidad, foto) VALUES
('25', 'Las muchachas del Congelado', 'Chirigota', 'Constantino Tovar Verdejo', 'Rubén Navarro Márquez', 'Segundo premio', 'Cádiz', '../imagenes/grupo/25.jpg');

/* tino */
INSERT INTO agrupacion (codAgrupacion, nombre, tipo, musica, director, clasificacion, localidad, foto) VALUES
('26', 'El creador', 'Comparsa', 'Constantino Tovar Verdejo', 'José Luis Otero Trechera', 'Segundo premio', 'Cádiz', '../imagenes/grupo/26.jpg');

INSERT INTO agrupacion (codAgrupacion, nombre, tipo, musica, director, clasificacion, localidad, foto) VALUES
('27', 'Los gadiritas', 'Comparsa', 'Constantino Tovar Verdejo', 'José Luis Otero Trechera', 'Segundo premio', 'Cádiz', '../imagenes/grupo/27.jpg');

INSERT INTO agrupacion (codAgrupacion, nombre, tipo, musica, director, clasificacion, localidad, foto) VALUES
('28', 'Ciudadano Zero', 'Comparsa', 'Constantino Tovar Verdejo', 'José Luis Otero Trechera', 'Tercer premio', 'Cádiz', '../imagenes/grupo/28.jpg');

INSERT INTO agrupacion (codAgrupacion, nombre, tipo, musica, director, clasificacion, localidad, foto) VALUES
('29', 'Juana la loca', 'Comparsa', 'Constantino Tovar Verdejo', 'José Luis Otero Trechera', 'Primer premio', 'Cádiz', '../imagenes/grupo/29.jpg');

INSERT INTO agrupacion (codAgrupacion, nombre, tipo, musica, director, clasificacion, localidad, foto) VALUES
('30', 'Voces', 'Comparsa', 'Constantino Tovar Verdejo', 'Ángel Subiela Gómez', 'Segundo premio', 'Cádiz', '../imagenes/grupo/30.jpg');

/* fecha */
INSERT INTO fecha (codAutor, codAgrupacion, fecha) VALUES
('1', '1', '2012-01-01');
INSERT INTO fecha (codAutor, codAgrupacion, fecha) VALUES
('1', '2', '2014-01-01');
INSERT INTO fecha (codAutor, codAgrupacion, fecha) VALUES
('1', '3', '2010-01-01');
INSERT INTO fecha (codAutor, codAgrupacion, fecha) VALUES
('1', '4', '2007-01-01');
INSERT INTO fecha (codAutor, codAgrupacion, fecha) VALUES
('1', '5', '2003-01-01');
INSERT INTO fecha (codAutor, codAgrupacion, fecha) VALUES
('2', '6', '2017-01-01');
INSERT INTO fecha (codAutor, codAgrupacion, fecha) VALUES
('2', '7', '2014-01-01');
INSERT INTO fecha (codAutor, codAgrupacion, fecha) VALUES
('2', '8', '2012-01-01');
INSERT INTO fecha (codAutor, codAgrupacion, fecha) VALUES
('2', '9', '2013-01-01');
INSERT INTO fecha (codAutor, codAgrupacion, fecha) VALUES
('2', '10', '1985-01-01');
INSERT INTO fecha (codAutor, codAgrupacion, fecha) VALUES
('3', '11', '2016-01-01');
INSERT INTO fecha (codAutor, codAgrupacion, fecha) VALUES
('3', '12', '2008-01-01');
INSERT INTO fecha (codAutor, codAgrupacion, fecha) VALUES
('3', '13', '2005-01-01');
INSERT INTO fecha (codAutor, codAgrupacion, fecha) VALUES
('3', '14', '2001-01-01');
INSERT INTO fecha (codAutor, codAgrupacion, fecha) VALUES
('3', '15', '1996-01-01');
INSERT INTO fecha (codAutor, codAgrupacion, fecha) VALUES
('4', '16', '2017-01-01');
INSERT INTO fecha (codAutor, codAgrupacion, fecha) VALUES
('4', '17', '2016-01-01');
INSERT INTO fecha (codAutor, codAgrupacion, fecha) VALUES
('4', '18', '2002-01-01');
INSERT INTO fecha (codAutor, codAgrupacion, fecha) VALUES
('4', '19', '1995-01-01');
INSERT INTO fecha (codAutor, codAgrupacion, fecha) VALUES
('4', '20', '1991-01-01');
INSERT INTO fecha (codAutor, codAgrupacion, fecha) VALUES
('5', '21', '2017-01-01');
INSERT INTO fecha (codAutor, codAgrupacion, fecha) VALUES
('5', '22', '2014-01-01');
INSERT INTO fecha (codAutor, codAgrupacion, fecha) VALUES
('5', '23', '2013-01-01');
INSERT INTO fecha (codAutor, codAgrupacion, fecha) VALUES
('5', '24', '2012-01-01');
INSERT INTO fecha (codAutor, codAgrupacion, fecha) VALUES
('5', '25', '2009-01-01');
INSERT INTO fecha (codAutor, codAgrupacion, fecha) VALUES
('6', '26', '2016-01-01');
INSERT INTO fecha (codAutor, codAgrupacion, fecha) VALUES
('6', '27', '2015-01-01');
INSERT INTO fecha (codAutor, codAgrupacion, fecha) VALUES
('6', '28', '2012-01-01');
INSERT INTO fecha (codAutor, codAgrupacion, fecha) VALUES
('6', '29', '2011-01-01');
INSERT INTO fecha (codAutor, codAgrupacion, fecha) VALUES
('6', '30', '2009-01-01');
